{
  "stage_a": 0.010297886000103063,
  "stage_b": 2.0034536540000545,
  "stage_c": 0.0015108259999578877,
  "stage_d": 0.06346467100001973,
  "total": 2.0827314939999724
}