{
  "stage_a": 0.016382027999952697,
  "stage_b": 5.1169594929999676,
  "stage_c": 0.004272772999911467,
  "stage_d": 0.30857705500000066,
  "total": 5.45042420599998
}