{
  "stage_a": 0.00016930200001752382,
  "stage_b": 6.7015165110000225,
  "stage_c": 0.0045375879999483,
  "stage_d": 0.12414552299992465,
  "total": 6.832234526999969
}