{
  "level": "L0",
  "name": "sine_440",
  "note_f1": 0.0,
  "onset_mae_ms": 76.23582766439907,
  "dtw_note_f1": 0.0,
  "dtw_onset_error_ms": 76.23582766439907,
  "predicted_count": 1,
  "gt_count": 1,
  "vocal_band_ratio": 1.0,
  "pitch_jump_rate_cents_sec": 0.0,
  "voicing_ratio": 0.7543352601156069,
  "note_density": 0.5,
  "fragmentation_score": 0.0,
  "note_count_per_10s": 8.485991379310345,
  "median_note_len_ms": 1178.4126984126983,
  "octave_jump_rate": 0.0,
  "note_count": 1.0
}