{
  "stage_a": 0.017700290999982826,
  "stage_b": 4.751353606999942,
  "stage_c": 0.003957732999992913,
  "stage_d": 0.06409281499998087,
  "total": 4.840901513999938
}