{
  "stage_a": 0.015127768999946056,
  "stage_b": 4.599207043999968,
  "stage_c": 0.003959194000003663,
  "stage_d": 0.06546643800004404,
  "total": 4.687389486000029
}