{
  "stage_a": 0.00024825500008773815,
  "stage_b": 6.8323155150001185,
  "stage_c": 0.004309215999910521,
  "stage_d": 0.12324575399998139,
  "total": 6.96184170399988
}