{
  "stage_a": 3.976656106000064,
  "stage_d": 0.08668021299990869,
  "total": 32.20337525299988
}