{
  "stage_a": 0.0001527250000208369,
  "stage_b": 8.033758583000008,
  "stage_c": 0.004453699999999117,
  "stage_d": 0.071112673000016,
  "total": 8.111314024999956
}