{
  "stage_a": 8.383359659999996,
  "stage_b": 119.66069522299995,
  "stage_c": 0.18931872900020608,
  "stage_d": 0.07627898400005506,
  "total": 128.31770238000013
}