{
  "stage_a": 0.00018027400005848904,
  "stage_b": 7.646206005999943,
  "stage_c": 0.004366896999954406,
  "stage_d": 0.12357815399991523,
  "total": 7.776522299000021
}