{
  "stage_a": 10.126651645000038,
  "stage_b": 121.48004261799997,
  "stage_c": 0.19081234599980235,
  "stage_d": 0.07407930899989879,
  "total": 131.88605314100005
}