{
  "level": "L4",
  "name": "old_macdonald",
  "note_f1": 0.923076923076923,
  "onset_mae_ms": 9.795918367346946,
  "predicted_count": 6,
  "gt_count": 7
}