{
  "sine_440": 1.0,
  "scale_c_maj": 1.0,
  "melody_plus_bass": 0.6666666666666666,
  "happy_birthday": 1.0,
  "old_macdonald": 0.923076923076923
}