level,name,note_f1,onset_mae_ms,predicted_count,gt_count
L0,sine_440,1.0,0.0,1,1
L1,scale_c_maj,1.0,12.8571428571429,8,8
L2,melody_plus_bass,0.6666666666666666,12.766439909297045,3,3
L4,happy_birthday,1.0,9.66742252456539,6,6
L4,old_macdonald,0.923076923076923,9.795918367346946,6,7
