{
  "note_f1": 0.9787234042553191,
  "onset_mae_ms": 13.262348417627889,
  "offset_mae_ms": 39.445923296855,
  "predicted_notes": 23,
  "gt_notes": 24
}