{
  "stage_a": 0.00015562699996962692,
  "stage_d": 0.16552101599995694,
  "total": 0.17292434700004833
}