{
  "stage_a": 0.000256017000083375,
  "stage_b": 10.0192308579999,
  "stage_c": 0.004250089000038315,
  "stage_d": 0.12292384900001707,
  "total": 10.14862848000007
}