{
  "stage_a": 3.962630519999948,
  "stage_d": 0.07697165500007941,
  "total": 11.307628842999975
}