{
  "happy_birthday": {
    "note_f1": 0.9787234042553191
  },
  "old_macdonald": {
    "note_f1": 0.9090909090909091
  }
}