{
  "stage_a": 0.017275928999993084,
  "stage_b": 4.6251649069999985,
  "stage_c": 0.004052952999927584,
  "stage_d": 0.06559490500001175,
  "total": 4.716031372999964
}