{
  "melody_plus_bass_synthetic_sep": 0.5454545454545454,
  "melody_plus_bass_crepe_rmvpe": 0.5454545454545454,
  "melody_plus_bass_mask_0.010_ovl_0.50": 0.5454545454545454,
  "melody_plus_bass_mask_0.015_ovl_0.50": 0.5454545454545454,
  "melody_plus_bass_mask_0.020_ovl_0.50": 0.5454545454545454,
  "melody_plus_bass_mask_0.040_ovl_0.50": 0.5454545454545454,
  "melody_plus_bass_mask_0.060_ovl_0.50": 0.5454545454545454,
  "melody_plus_bass_mask_0.010_ovl_0.75": 0.5454545454545454,
  "melody_plus_bass_mask_0.015_ovl_0.75": 0.5454545454545454,
  "melody_plus_bass_mask_0.020_ovl_0.75": 0.5454545454545454,
  "melody_plus_bass_mask_0.040_ovl_0.75": 0.5454545454545454,
  "melody_plus_bass_mask_0.060_ovl_0.75": 0.5454545454545454
}