{
  "stage_a": 0.00015614199992342037,
  "stage_b": 8.554445248999968,
  "stage_c": 0.004293246000088402,
  "stage_d": 0.12425647700001718,
  "total": 8.684890286999916
}