{
  "stage_a": 0.015452267000000575,
  "stage_b": 3.908564040000101,
  "stage_c": 0.004417461999992156,
  "stage_d": 0.0643060269999296,
  "total": 3.9965897920001225
}