{
  "voiced_ratio": 0.9886649874055415,
  "mean_confidence": 0.970517981077922,
  "octave_jump_rate": 0.0031847133757961785,
  "timeline_frames": 4764
}